Frame,Track ID,Confidence
1,1,0.91
1,2,0.9
1,3,0.9
1,4,0.84
1,5,0.78
1,6,0.63
2,1,0.91
2,2,0.9
2,3,0.9
2,4,0.78
2,5,0.71
2,6,0.65
3,1,0.91
3,2,0.9
3,3,0.91
3,4,0.79
3,5,0.56
3,6,0.67
3,7,0.67
4,1,0.91
4,2,0.9
4,3,0.9
4,4,0.8
4,6,0.7
4,7,0.65
5,1,0.91
5,2,0.89
5,3,0.87
5,4,0.81
5,6,0.68
5,7,0.58
6,1,0.9
6,2,0.89
6,3,0.88
6,4,0.8
6,6,0.66
6,7,0.51
7,1,0.89
7,2,0.88
7,3,0.9
7,4,0.77
7,6,0.64
7,7,0.58
8,1,0.88
8,2,0.87
8,3,0.9
8,4,0.78
8,6,0.64
8,7,0.6
9,1,0.87
9,2,0.88
9,3,0.9
9,4,0.78
9,6,0.67
9,7,0.59
9,8,0.52
10,1,0.86
10,2,0.86
10,3,0.89
10,4,0.8
10,6,0.67
10,7,0.51
10,8,0.51
11,1,0.85
11,2,0.87
11,3,0.9
11,4,0.81
11,6,0.69
11,7,0.58
12,1,0.85
12,2,0.87
12,3,0.9
12,4,0.8
12,6,0.71
12,7,0.64
13,1,0.86
13,2,0.87
13,3,0.89
13,4,0.83
13,6,0.74
13,7,0.56
14,1,0.87
14,2,0.9
14,3,0.87
14,4,0.83
14,6,0.73
15,1,0.88
15,2,0.91
15,3,0.87
15,4,0.84
15,6,0.7
16,1,0.88
16,2,0.9
16,3,0.88
16,4,0.83
16,6,0.7
17,1,0.88
17,2,0.91
17,3,0.88
17,4,0.83
17,6,0.73
18,1,0.88
18,2,0.91
18,3,0.88
18,4,0.84
18,6,0.71
19,1,0.88
19,2,0.91
19,3,0.88
19,4,0.85
19,6,0.69
20,1,0.88
20,2,0.91
20,3,0.87
20,4,0.85
20,6,0.66
21,1,0.9
21,2,0.91
21,3,0.88
21,4,0.87
21,6,0.7
22,1,0.89
22,2,0.91
22,3,0.88
22,4,0.87
22,6,0.71
22,7,0.59
23,1,0.9
23,2,0.9
23,3,0.89
23,4,0.89
23,6,0.71
23,7,0.68
24,1,0.91
24,2,0.88
24,3,0.88
24,4,0.88
24,6,0.72
24,7,0.71
25,1,0.9
25,2,0.9
25,3,0.9
25,4,0.86
25,6,0.72
25,7,0.69
25,10,0.51
26,1,0.9
26,2,0.9
26,3,0.9
26,4,0.87
26,6,0.7
26,7,0.68
27,1,0.9
27,2,0.91
27,3,0.91
27,4,0.87
27,6,0.7
27,7,0.71
27,8,0.51
28,1,0.9
28,2,0.9
28,3,0.9
28,4,0.87
28,6,0.71
28,7,0.72
29,1,0.9
29,2,0.9
29,3,0.9
29,4,0.87
29,6,0.71
29,7,0.72
29,12,0.55
29,8,0.52
30,1,0.9
30,2,0.9
30,3,0.91
30,4,0.86
30,6,0.73
30,7,0.6
30,12,0.65
30,8,0.52
31,1,0.9
31,2,0.91
31,3,0.91
31,4,0.84
31,6,0.7
31,7,0.59
32,1,0.89
32,2,0.91
32,3,0.91
32,4,0.84
32,6,0.68
32,12,0.57
33,1,0.88
33,2,0.91
33,3,0.91
33,4,0.84
33,6,0.69
33,7,0.53
34,1,0.88
34,2,0.91
34,3,0.89
34,4,0.84
34,6,0.69
34,7,0.57
34,8,0.51
35,1,0.87
35,2,0.92
35,3,0.9
35,4,0.85
35,6,0.7
35,7,0.64
36,1,0.88
36,2,0.92
36,3,0.89
36,4,0.84
36,6,0.69
36,7,0.7
36,12,0.52
36,8,0.51
37,1,0.88
37,2,0.91
37,3,0.89
37,4,0.85
37,6,0.71
37,7,0.7
37,8,0.55
38,1,0.89
38,2,0.91
38,3,0.89
38,4,0.84
38,6,0.71
38,7,0.65
39,1,0.88
39,2,0.92
39,3,0.89
39,4,0.84
39,6,0.69
39,7,0.72
40,1,0.89
40,2,0.91
40,3,0.9
40,4,0.83
40,6,0.72
40,7,0.71
40,8,0.51
41,1,0.87
41,2,0.91
41,3,0.9
41,4,0.82
41,6,0.72
41,7,0.68
42,1,0.86
42,2,0.92
42,3,0.9
42,4,0.8
42,6,0.71
42,7,0.69
43,1,0.86
43,2,0.92
43,3,0.9
43,4,0.81
43,6,0.67
43,7,0.65
43,8,0.52
44,1,0.87
44,2,0.92
44,3,0.9
44,4,0.81
44,6,0.67
44,7,0.68
44,8,0.54
45,1,0.86
45,2,0.92
45,3,0.9
45,4,0.81
45,6,0.69
45,7,0.69
45,8,0.55
45,15,0.67
46,1,0.85
46,2,0.93
46,3,0.91
46,4,0.83
46,6,0.69
46,7,0.72
46,8,0.51
46,15,0.69
47,1,0.87
47,2,0.93
47,3,0.91
47,4,0.82
47,6,0.69
47,7,0.69
47,15,0.69
48,1,0.87
48,2,0.93
48,3,0.91
48,4,0.82
48,6,0.69
48,7,0.63
48,15,0.66
49,1,0.86
49,2,0.93
49,3,0.89
49,4,0.83
49,6,0.71
49,7,0.55
49,15,0.62
49,8,0.51
50,1,0.85
50,2,0.91
50,3,0.89
50,4,0.84
50,6,0.71
50,15,0.57
50,17,0.62
51,1,0.85
51,2,0.91
51,3,0.89
51,4,0.85
51,6,0.71
51,15,0.61
51,17,0.61
52,1,0.87
52,2,0.93
52,3,0.89
52,4,0.84
52,6,0.7
52,15,0.61
52,17,0.64
53,1,0.86
53,2,0.93
53,3,0.88
53,4,0.84
53,6,0.67
53,15,0.52
53,17,0.68
54,1,0.85
54,2,0.93
54,3,0.88
54,4,0.84
54,6,0.68
54,17,0.66
54,7,0.65
55,1,0.86
55,2,0.92
55,3,0.89
55,4,0.85
55,6,0.68
55,17,0.66
55,7,0.55
56,1,0.87
56,2,0.93
56,3,0.9
56,4,0.85
56,6,0.72
56,17,0.57
56,7,0.55
56,15,0.51
57,1,0.87
57,2,0.93
57,3,0.9
57,4,0.86
57,6,0.73
57,7,0.65
58,1,0.88
58,2,0.93
58,3,0.9
58,4,0.85
58,6,0.74
58,7,0.68
59,1,0.88
59,2,0.93
59,3,0.9
59,4,0.85
59,6,0.71
59,7,0.52
59,17,0.51
60,1,0.89
60,2,0.93
60,3,0.9
60,4,0.87
60,6,0.73
60,7,0.56
61,1,0.9
61,2,0.92
61,3,0.89
61,4,0.87
61,6,0.71
61,7,0.52
62,1,0.89
62,2,0.91
62,3,0.88
62,4,0.86
62,6,0.71
62,7,0.53
63,1,0.88
63,2,0.91
63,3,0.87
63,4,0.86
63,6,0.7
63,7,0.65
64,1,0.86
64,2,0.92
64,3,0.87
64,4,0.86
64,6,0.71
64,7,0.65
64,20,0.7
65,1,0.86
65,2,0.91
65,3,0.89
65,4,0.87
65,6,0.72
65,7,0.6
65,20,0.71
66,1,0.86
66,2,0.89
66,3,0.88
66,4,0.87
66,6,0.73
66,7,0.58
66,20,0.62
67,1,0.86
67,2,0.88
67,3,0.89
67,4,0.88
67,6,0.72
67,7,0.51
67,20,0.57
67,15,0.58
68,1,0.86
68,2,0.89
68,3,0.9
68,4,0.88
68,6,0.71
68,20,0.56
68,15,0.56
68,12,0.54
69,1,0.85
69,2,0.9
69,3,0.9
69,4,0.87
69,6,0.69
69,20,0.56
69,15,0.51
69,23,0.64
70,1,0.84
70,2,0.88
70,3,0.9
70,4,0.88
70,6,0.71
70,20,0.56
70,23,0.69
70,7,0.51
71,1,0.81
71,2,0.88
71,3,0.9
71,4,0.89
71,6,0.72
71,20,0.6
71,23,0.74
71,7,0.5
72,1,0.81
72,2,0.89
72,3,0.9
72,4,0.89
72,6,0.73
72,20,0.67
72,23,0.72
72,7,0.52
73,1,0.85
73,2,0.9
73,3,0.9
73,4,0.89
73,6,0.73
73,20,0.65
73,23,0.74
73,7,0.51
73,8,0.51
74,1,0.84
74,2,0.89
74,3,0.89
74,4,0.89
74,6,0.7
74,20,0.63
74,23,0.77
74,8,0.51
75,1,0.8
75,2,0.88
75,3,0.87
75,4,0.9
75,6,0.68
75,20,0.61
75,23,0.76
75,8,0.51
75,7,0.53
76,1,0.8
76,2,0.88
76,3,0.86
76,4,0.89
76,6,0.65
76,20,0.62
76,23,0.79
76,7,0.56
77,1,0.81
77,2,0.91
77,3,0.86
77,4,0.89
77,6,0.65
77,20,0.6
77,23,0.76
77,7,0.57
78,1,0.81
78,2,0.91
78,3,0.86
78,4,0.88
78,6,0.64
78,20,0.58
78,23,0.75
78,7,0.54
79,1,0.82
79,2,0.89
79,3,0.87
79,4,0.87
79,6,0.64
79,23,0.74
79,7,0.54
80,1,0.81
80,2,0.91
80,3,0.87
80,4,0.87
80,6,0.62
80,23,0.72
80,7,0.65
81,1,0.83
81,2,0.92
81,3,0.88
81,4,0.87
81,6,0.64
81,23,0.7
81,7,0.67
82,1,0.82
82,2,0.92
82,3,0.88
82,4,0.87
82,6,0.66
82,23,0.73
82,7,0.71
82,24,0.5
83,1,0.81
83,2,0.91
83,3,0.88
83,4,0.87
83,6,0.66
83,23,0.76
83,7,0.71
83,24,0.63
84,1,0.79
84,2,0.9
84,3,0.88
84,4,0.86
84,6,0.64
84,23,0.72
84,7,0.66
84,24,0.58
84,20,0.52
85,1,0.77
85,2,0.85
85,3,0.87
85,4,0.85
85,6,0.62
85,23,0.76
85,7,0.61
85,24,0.59
86,1,0.76
86,2,0.86
86,3,0.87
86,4,0.86
86,6,0.61
86,23,0.77
86,24,0.61
87,1,0.75
87,2,0.84
87,3,0.88
87,4,0.85
87,6,0.51
87,23,0.8
87,24,0.67
88,1,0.78
88,2,0.68
88,3,0.88
88,4,0.86
88,23,0.84
88,24,0.76
88,20,0.53
88,7,0.54
89,1,0.79
89,2,0.69
89,3,0.88
89,4,0.9
89,23,0.83
89,24,0.81
90,1,0.8
90,2,0.79
90,3,0.88
90,4,0.89
90,23,0.76
90,24,0.79
90,7,0.59
91,1,0.79
91,2,0.85
91,3,0.88
91,4,0.9
91,23,0.81
91,24,0.8
91,7,0.62
92,1,0.82
92,2,0.88
92,3,0.88
92,4,0.9
92,23,0.78
92,24,0.81
92,7,0.55
93,1,0.83
93,2,0.86
93,3,0.88
93,4,0.91
93,23,0.78
93,24,0.82
93,7,0.51
93,29,0.65
94,1,0.82
94,2,0.88
94,3,0.89
94,4,0.92
94,23,0.79
94,24,0.78
94,7,0.62
94,29,0.66
95,1,0.82
95,2,0.88
95,3,0.89
95,4,0.92
95,23,0.74
95,24,0.77
95,7,0.68
95,29,0.7
96,1,0.83
96,2,0.87
96,3,0.9
96,4,0.91
96,23,0.63
96,24,0.77
96,7,0.66
96,29,0.74
97,1,0.85
97,2,0.87
97,3,0.9
97,4,0.91
97,23,0.62
97,24,0.74
97,7,0.6
97,29,0.79
98,1,0.86
98,2,0.87
98,3,0.9
98,4,0.9
98,23,0.66
98,24,0.72
98,7,0.57
98,29,0.77
98,30,0.55
99,1,0.85
99,2,0.88
99,3,0.9
99,4,0.91
99,24,0.71
99,7,0.59
99,29,0.76
99,30,0.71
100,1,0.86
100,2,0.87
100,3,0.91
100,4,0.91
100,24,0.63
100,7,0.57
100,29,0.82
100,30,0.74
101,1,0.88
101,2,0.86
101,3,0.92
101,4,0.91
101,24,0.74
101,7,0.56
101,29,0.84
101,30,0.78
102,1,0.88
102,2,0.84
102,3,0.92
102,4,0.91
102,24,0.72
102,29,0.86
102,30,0.78
103,1,0.89
103,2,0.8
103,3,0.92
103,4,0.91
103,24,0.73
103,29,0.87
103,30,0.75
103,7,0.53
104,1,0.89
104,2,0.81
104,3,0.92
104,4,0.91
104,24,0.65
104,29,0.88
104,30,0.73
105,1,0.91
105,2,0.83
105,3,0.92
105,4,0.91
105,24,0.68
105,29,0.86
105,30,0.69
106,1,0.89
106,2,0.79
106,3,0.92
106,4,0.92
106,24,0.62
106,29,0.86
106,30,0.67
106,23,0.52
107,1,0.88
107,2,0.8
107,3,0.91
107,4,0.92
107,24,0.51
107,29,0.85
107,30,0.69
108,1,0.87
108,2,0.8
108,3,0.92
108,4,0.92
108,29,0.86
108,30,0.66
109,1,0.88
109,2,0.78
109,3,0.92
109,4,0.92
109,29,0.85
109,30,0.6
109,23,0.5
110,1,0.89
110,2,0.79
110,3,0.92
110,4,0.92
110,29,0.86
110,30,0.66
111,1,0.88
111,2,0.79
111,3,0.92
111,4,0.92
111,29,0.85
111,30,0.57
111,32,0.57
112,1,0.89
112,2,0.74
112,3,0.92
112,4,0.91
112,29,0.86
112,32,0.52
113,1,0.89
113,2,0.71
113,3,0.92
113,4,0.9
113,29,0.86
113,32,0.5
113,6,0.54
113,7,0.51
114,1,0.88
114,2,0.7
114,3,0.92
114,4,0.9
114,29,0.86
114,32,0.59
114,34,0.69
114,7,0.72
115,1,0.87
115,2,0.7
115,3,0.91
115,4,0.89
115,29,0.85
115,32,0.58
115,34,0.61
115,7,0.69
115,30,0.59
116,1,0.86
116,2,0.72
116,3,0.9
116,4,0.89
116,29,0.88
116,32,0.5
116,7,0.72
116,30,0.64
117,1,0.85
117,2,0.72
117,3,0.89
117,4,0.89
117,29,0.88
117,7,0.72
117,30,0.66
117,34,0.53
118,1,0.84
118,2,0.64
118,3,0.87
118,4,0.88
118,29,0.88
118,7,0.7
118,30,0.63
118,34,0.62
119,1,0.83
119,2,0.59
119,3,0.85
119,4,0.89
119,29,0.89
119,7,0.71
119,30,0.62
120,1,0.76
120,2,0.59
120,3,0.85
120,4,0.88
120,29,0.89
120,7,0.67
120,30,0.62
121,1,0.74
121,2,0.66
121,3,0.86
121,4,0.88
121,29,0.88
121,7,0.72
121,30,0.69
122,1,0.74
122,2,0.68
122,3,0.84
122,4,0.89
122,29,0.87
122,7,0.74
122,30,0.65
122,36,0.57
123,1,0.75
123,2,0.64
123,3,0.86
123,4,0.9
123,29,0.87
123,7,0.76
123,30,0.64
123,36,0.59
124,1,0.71
124,2,0.63
124,3,0.87
124,4,0.91
124,29,0.88
124,7,0.76
124,30,0.51
124,36,0.57
125,1,0.67
125,2,0.62
125,3,0.87
125,4,0.9
125,29,0.89
125,7,0.7
125,30,0.56
125,36,0.57
126,1,0.65
126,2,0.6
126,3,0.87
126,4,0.9
126,29,0.89
126,7,0.65
126,30,0.56
126,36,0.58
127,1,0.65
127,3,0.87
127,4,0.9
127,29,0.9
127,30,0.58
127,36,0.56
128,1,0.6
128,3,0.87
128,4,0.9
128,29,0.9
128,30,0.56
128,36,0.53
128,7,0.6
129,1,0.63
129,3,0.87
129,4,0.9
129,29,0.91
129,36,0.56
130,1,0.63
130,3,0.88
130,4,0.91
130,29,0.91
130,36,0.57
131,1,0.55
131,3,0.87
131,4,0.91
131,29,0.9
131,36,0.51
131,7,0.52
132,1,0.61
132,3,0.87
132,4,0.91
132,29,0.9
132,7,0.53
132,30,0.51
133,1,0.55
133,3,0.89
133,4,0.91
133,29,0.9
133,7,0.57
134,3,0.9
134,4,0.91
134,29,0.9
134,7,0.59
134,30,0.5
135,3,0.9
135,4,0.92
135,29,0.9
135,7,0.56
136,3,0.9
136,4,0.92
136,29,0.91
136,7,0.58
137,3,0.9
137,4,0.92
137,29,0.9
137,7,0.62
137,36,0.53
138,3,0.89
138,4,0.92
138,29,0.9
138,7,0.63
138,36,0.59
139,3,0.89
139,4,0.92
139,29,0.9
139,7,0.54
139,36,0.6
140,3,0.9
140,4,0.91
140,29,0.89
140,7,0.6
140,36,0.66
141,3,0.9
141,4,0.91
141,29,0.89
141,7,0.59
141,36,0.72
141,30,0.54
142,3,0.9
142,4,0.91
142,29,0.89
142,7,0.52
142,36,0.73
142,30,0.56
143,3,0.9
143,4,0.9
143,29,0.9
143,7,0.55
143,36,0.73
143,30,0.56
144,3,0.89
144,4,0.91
144,29,0.91
144,7,0.54
144,36,0.73
144,30,0.58
145,3,0.89
145,4,0.92
145,29,0.91
145,7,0.55
145,36,0.76
145,30,0.55
146,3,0.89
146,4,0.92
146,29,0.92
146,7,0.53
146,36,0.76
146,30,0.68
147,3,0.89
147,4,0.91
147,29,0.91
147,7,0.56
147,36,0.73
147,30,0.73
148,3,0.9
148,4,0.91
148,29,0.91
148,7,0.52
148,36,0.71
148,30,0.8
149,3,0.89
149,4,0.91
149,29,0.92
149,36,0.7
149,30,0.8
150,3,0.9
150,4,0.9
150,29,0.93
150,36,0.68
150,30,0.75
150,7,0.51
151,3,0.9
151,4,0.9
151,29,0.93
151,36,0.7
151,30,0.75
152,3,0.9
152,4,0.9
152,29,0.93
152,36,0.7
152,30,0.65
152,7,0.51
153,3,0.9
153,4,0.9
153,29,0.93
153,36,0.7
153,30,0.67
154,3,0.9
154,4,0.91
154,29,0.93
154,36,0.68
154,30,0.53
154,7,0.57
155,3,0.9
155,4,0.9
155,29,0.93
155,36,0.67
155,30,0.53
155,41,0.66
155,7,0.55
156,3,0.9
156,4,0.9
156,29,0.92
156,36,0.68
156,30,0.66
156,41,0.57
156,7,0.5
157,3,0.9
157,4,0.91
157,29,0.91
157,36,0.69
157,30,0.67
157,41,0.67
157,7,0.56
158,3,0.91
158,4,0.91
158,29,0.9
158,36,0.75
158,30,0.72
158,41,0.58
158,7,0.61
158,42,0.58
159,3,0.91
159,4,0.91
159,29,0.9
159,36,0.77
159,30,0.76
159,41,0.5
159,7,0.63
159,42,0.59
160,3,0.91
160,4,0.91
160,29,0.9
160,36,0.79
160,30,0.75
160,7,0.63
160,42,0.64
161,3,0.91
161,4,0.92
161,29,0.9
161,36,0.79
161,30,0.79
161,7,0.61
161,42,0.62
162,3,0.91
162,4,0.92
162,29,0.92
162,36,0.79
162,30,0.79
162,7,0.64
162,42,0.59
163,3,0.9
163,4,0.91
163,29,0.91
163,36,0.79
163,30,0.75
163,7,0.61
163,42,0.57
163,43,0.55
163,41,0.51
164,3,0.89
164,4,0.92
164,29,0.92
164,36,0.77
164,30,0.66
164,7,0.65
164,42,0.5
164,43,0.58
165,3,0.89
165,4,0.92
165,29,0.92
165,36,0.79
165,30,0.65
165,7,0.67
165,43,0.55
166,3,0.88
166,4,0.92
166,29,0.9
166,36,0.79
166,30,0.58
166,7,0.66
166,43,0.52
166,41,0.61
167,3,0.88
167,4,0.92
167,29,0.91
167,36,0.79
167,30,0.55
167,7,0.66
167,43,0.5
167,41,0.59
168,3,0.88
168,4,0.93
168,29,0.91
168,36,0.79
168,30,0.52
168,7,0.56
168,41,0.57
169,3,0.88
169,4,0.93
169,29,0.89
169,36,0.78
169,30,0.57
169,7,0.52
169,41,0.56
169,43,0.51
170,3,0.88
170,4,0.93
170,29,0.87
170,36,0.8
170,30,0.61
170,7,0.5
170,41,0.53
170,43,0.6
171,3,0.88
171,4,0.94
171,29,0.87
171,36,0.82
171,30,0.66
171,7,0.52
171,43,0.61
172,3,0.86
172,4,0.93
172,29,0.87
172,36,0.82
172,30,0.64
172,7,0.55
172,43,0.61
173,3,0.84
173,4,0.93
173,29,0.86
173,36,0.83
173,30,0.63
173,7,0.59
173,43,0.64
173,45,0.53
173,41,0.51
174,3,0.79
174,4,0.93
174,29,0.85
174,36,0.83
174,30,0.61
174,7,0.73
174,43,0.64
175,3,0.7
175,4,0.92
175,29,0.85
175,36,0.78
175,30,0.59
175,7,0.69
175,43,0.59
176,3,0.6
176,4,0.92
176,29,0.85
176,36,0.64
176,30,0.58
176,7,0.65
176,43,0.62
177,4,0.92
177,29,0.85
177,36,0.74
177,30,0.54
177,43,0.68
178,4,0.91
178,29,0.85
178,30,0.5
178,43,0.63
178,49,0.64
178,41,0.58
178,7,0.64
179,4,0.88
179,29,0.85
179,30,0.53
179,43,0.71
179,49,0.59
179,7,0.66
180,29,0.87
180,43,0.76
180,49,0.59
181,29,0.86
181,43,0.59
181,49,0.82
181,30,0.52
182,29,0.85
182,49,0.7
182,3,0.57
183,29,0.83
183,49,0.7
183,50,0.58
183,3,0.75
184,29,0.83
184,49,0.77
184,50,0.73
184,3,0.8
184,53,0.79
185,29,0.82
185,49,0.58
185,3,0.83
185,53,0.8
185,36,0.82
186,29,0.75
186,49,0.76
186,3,0.85
186,53,0.84
186,54,0.53
186,36,0.85
186,45,0.54
187,49,0.77
187,3,0.86
187,53,0.84
187,54,0.87
187,36,0.85
187,45,0.64
188,49,0.73
188,3,0.86
188,53,0.85
188,54,0.86
188,36,0.84
188,45,0.68
188,4,0.83
189,49,0.66
189,3,0.86
189,53,0.86
189,54,0.81
189,36,0.85
189,45,0.69
189,4,0.9
190,49,0.82
190,3,0.85
190,53,0.86
190,54,0.83
190,36,0.86
190,45,0.73
190,4,0.92
191,49,0.64
191,3,0.82
191,53,0.87
191,54,0.81
191,36,0.85
191,45,0.75
191,4,0.91
191,30,0.58
192,49,0.69
192,3,0.79
192,53,0.87
192,54,0.79
192,36,0.84
192,45,0.75
192,4,0.91
192,30,0.69
193,49,0.56
193,3,0.81
193,53,0.88
193,54,0.8
193,36,0.84
193,45,0.74
193,4,0.91
193,30,0.75
194,3,0.82
194,53,0.89
194,54,0.8
194,36,0.84
194,45,0.66
194,4,0.92
194,30,0.79
195,3,0.82
195,53,0.88
195,54,0.81
195,36,0.84
195,45,0.61
195,4,0.91
195,30,0.82
196,3,0.83
196,53,0.89
196,54,0.82
196,36,0.84
196,45,0.62
196,4,0.92
196,30,0.81
196,29,0.56
197,3,0.83
197,53,0.88
197,54,0.82
197,36,0.85
197,45,0.57
197,4,0.92
197,30,0.82
197,29,0.81
197,43,0.54
198,3,0.84
198,53,0.86
198,54,0.8
198,36,0.85
198,45,0.63
198,4,0.93
198,30,0.82
198,29,0.74
199,3,0.86
199,53,0.86
199,54,0.81
199,36,0.85
199,45,0.6
199,4,0.92
199,30,0.82
199,29,0.67
199,43,0.53
200,3,0.88
200,53,0.85
200,54,0.81
200,36,0.85
200,4,0.92
200,30,0.83
200,29,0.51
200,43,0.62
201,3,0.89
201,53,0.83
201,54,0.79
201,36,0.83
201,4,0.92
201,30,0.79
201,29,0.64
201,43,0.65
202,3,0.89
202,53,0.84
202,54,0.8
202,36,0.82
202,4,0.92
202,30,0.78
202,29,0.69
202,43,0.69
203,3,0.89
203,53,0.84
203,54,0.81
203,36,0.84
203,4,0.92
203,30,0.79
203,29,0.67
203,43,0.7
204,3,0.88
204,53,0.83
204,54,0.83
204,36,0.84
204,4,0.92
204,30,0.75
204,29,0.74
204,43,0.73
205,3,0.88
205,53,0.87
205,54,0.83
205,36,0.84
205,4,0.92
205,30,0.75
205,29,0.72
205,43,0.65
206,3,0.87
206,53,0.86
206,54,0.81
206,36,0.84
206,4,0.92
206,30,0.68
206,29,0.71
206,43,0.51
207,3,0.87
207,53,0.85
207,54,0.82
207,36,0.82
207,4,0.92
207,30,0.56
207,29,0.67
207,43,0.56
208,3,0.88
208,53,0.83
208,54,0.82
208,36,0.84
208,4,0.93
208,29,0.56
208,43,0.57
209,3,0.88
209,53,0.82
209,54,0.82
209,36,0.83
209,4,0.92
209,57,0.62
210,3,0.86
210,53,0.85
210,54,0.84
210,36,0.83
210,4,0.93
211,3,0.86
211,53,0.85
211,54,0.84
211,36,0.81
211,4,0.94
211,30,0.6
211,43,0.56
212,3,0.87
212,53,0.84
212,54,0.82
212,36,0.8
212,4,0.93
212,30,0.58
212,43,0.54
213,3,0.85
213,53,0.85
213,54,0.81
213,36,0.79
213,4,0.93
213,30,0.65
213,43,0.58
214,3,0.83
214,53,0.86
214,54,0.8
214,36,0.79
214,4,0.93
214,30,0.6
215,3,0.85
215,53,0.86
215,54,0.81
215,36,0.78
215,4,0.93
215,30,0.66
215,58,0.53
215,43,0.57
216,3,0.85
216,53,0.86
216,54,0.79
216,36,0.78
216,4,0.93
216,30,0.73
216,58,0.5
216,43,0.6
217,3,0.85
217,53,0.86
217,54,0.79
217,36,0.78
217,4,0.93
217,30,0.76
217,58,0.51
217,43,0.54
218,3,0.85
218,53,0.85
218,54,0.82
218,36,0.77
218,4,0.93
218,30,0.67
218,43,0.52
219,3,0.86
219,53,0.85
219,54,0.81
219,36,0.76
219,4,0.93
220,3,0.87
220,53,0.84
220,54,0.81
220,36,0.75
220,4,0.93
221,3,0.89
221,53,0.84
221,54,0.8
221,36,0.77
221,4,0.93
222,3,0.89
222,53,0.85
222,54,0.8
222,36,0.77
222,4,0.92
222,58,0.51
222,30,0.52
223,3,0.9
223,53,0.85
223,54,0.81
223,36,0.8
223,4,0.92
223,58,0.56
223,30,0.53
224,3,0.9
224,53,0.85
224,54,0.8
224,36,0.81
224,4,0.92
224,58,0.56
224,30,0.71
224,63,0.58
224,43,0.53
225,3,0.9
225,53,0.84
225,54,0.82
225,36,0.81
225,4,0.93
225,58,0.54
225,30,0.72
225,63,0.68
225,43,0.69
225,45,0.7
226,3,0.89
226,53,0.8
226,54,0.82
226,36,0.79
226,4,0.93
226,58,0.53
226,30,0.81
226,63,0.71
226,43,0.62
226,45,0.76
227,3,0.89
227,53,0.82
227,54,0.81
227,36,0.79
227,4,0.93
227,58,0.56
227,30,0.76
227,63,0.8
227,43,0.61
227,45,0.82
228,3,0.89
228,53,0.8
228,54,0.81
228,36,0.79
228,4,0.93
228,58,0.62
228,30,0.77
228,63,0.79
228,43,0.63
228,45,0.85
229,3,0.87
229,53,0.79
229,54,0.77
229,36,0.79
229,4,0.93
229,58,0.58
229,30,0.77
229,63,0.8
229,43,0.69
229,45,0.88
230,3,0.88
230,53,0.81
230,54,0.78
230,36,0.78
230,4,0.93
230,58,0.54
230,30,0.76
230,63,0.82
230,43,0.64
230,45,0.86
230,64,0.55
231,3,0.87
231,53,0.8
231,54,0.79
231,36,0.78
231,4,0.93
231,58,0.55
231,30,0.61
231,63,0.81
231,43,0.57
231,45,0.83
231,64,0.54
232,3,0.87
232,53,0.77
232,54,0.8
232,36,0.79
232,4,0.93
232,58,0.55
232,30,0.54
232,63,0.82
232,45,0.85
232,64,0.56
232,65,0.53
233,3,0.86
233,53,0.75
233,54,0.71
233,36,0.8
233,4,0.92
233,63,0.82
233,45,0.86
233,64,0.58
233,65,0.54
234,3,0.87
234,53,0.77
234,54,0.67
234,36,0.8
234,4,0.92
234,63,0.83
234,45,0.87
234,30,0.69
235,3,0.86
235,53,0.77
235,54,0.65
235,36,0.78
235,4,0.92
235,63,0.84
235,45,0.86
235,66,0.62
236,3,0.85
236,53,0.77
236,54,0.64
236,36,0.77
236,4,0.93
236,63,0.83
236,45,0.86
236,66,0.63
236,30,0.62
237,3,0.83
237,53,0.74
237,54,0.66
237,36,0.77
237,4,0.94
237,63,0.83
237,45,0.86
237,30,0.61
238,3,0.79
238,53,0.79
238,54,0.72
238,36,0.75
238,4,0.94
238,63,0.86
238,45,0.84
238,30,0.52
238,58,0.59
239,3,0.79
239,53,0.82
239,54,0.75
239,36,0.76
239,4,0.93
239,63,0.87
239,45,0.83
239,30,0.58
239,68,0.63
239,58,0.61
240,3,0.82
240,53,0.81
240,54,0.61
240,36,0.75
240,4,0.93
240,63,0.87
240,45,0.79
240,68,0.61
240,58,0.67
241,3,0.83
241,53,0.8
241,54,0.59
241,36,0.74
241,4,0.93
241,63,0.88
241,45,0.81
241,68,0.59
241,58,0.68
241,30,0.51
242,3,0.84
242,53,0.81
242,54,0.67
242,36,0.73
242,4,0.93
242,63,0.87
242,45,0.82
242,68,0.57
242,58,0.68
243,3,0.83
243,53,0.81
243,54,0.68
243,36,0.71
243,4,0.93
243,63,0.87
243,45,0.84
243,68,0.54
243,58,0.68
244,3,0.82
244,53,0.81
244,54,0.67
244,36,0.69
244,4,0.93
244,63,0.87
244,45,0.84
244,68,0.56
244,58,0.67
245,3,0.53
245,53,0.8
245,54,0.59
245,36,0.65
245,4,0.92
245,63,0.86
245,45,0.85
245,68,0.52
245,58,0.64
246,53,0.79
246,54,0.56
246,36,0.65
246,4,0.93
246,63,0.84
246,45,0.83
246,68,0.58
246,58,0.65
247,53,0.79
247,54,0.72
247,36,0.66
247,4,0.92
247,63,0.83
247,45,0.84
247,68,0.61
247,58,0.67
248,53,0.79
248,54,0.77
248,36,0.7
248,4,0.91
248,63,0.8
248,45,0.82
248,68,0.64
248,58,0.69
249,53,0.8
249,54,0.81
249,36,0.68
249,4,0.92
249,63,0.78
249,45,0.82
249,68,0.69
249,58,0.69
250,53,0.8
250,54,0.79
250,36,0.69
250,4,0.92
250,63,0.77
250,45,0.82
250,68,0.73
250,58,0.68
250,64,0.53
250,30,0.52
251,53,0.8
251,54,0.82
251,36,0.7
251,4,0.92
251,63,0.75
251,45,0.79
251,68,0.76
251,58,0.68
251,64,0.51
251,30,0.6
252,53,0.8
252,54,0.82
252,36,0.7
252,4,0.92
252,63,0.66
252,45,0.8
252,68,0.69
252,58,0.68
252,64,0.56
252,30,0.59
253,53,0.81
253,54,0.77
253,36,0.71
253,4,0.91
253,63,0.54
253,45,0.84
253,68,0.65
253,58,0.71
253,64,0.53
253,30,0.65
253,69,0.6
254,53,0.81
254,54,0.79
254,36,0.7
254,4,0.91
254,45,0.84
254,68,0.62
254,58,0.73
254,64,0.54
254,30,0.68
255,53,0.82
255,54,0.79
255,36,0.71
255,4,0.91
255,45,0.83
255,68,0.5
255,58,0.68
255,64,0.59
255,30,0.59
255,69,0.65
256,53,0.82
256,54,0.79
256,36,0.76
256,4,0.91
256,45,0.82
256,58,0.67
256,64,0.65
256,30,0.65
256,71,0.52
256,69,0.6
257,53,0.82
257,54,0.78
257,36,0.76
257,4,0.92
257,45,0.81
257,58,0.64
257,64,0.67
257,30,0.71
257,71,0.53
257,69,0.7
258,53,0.82
258,54,0.72
258,36,0.74
258,4,0.93
258,45,0.82
258,58,0.6
258,64,0.7
258,30,0.72
258,69,0.7
259,53,0.81
259,54,0.76
259,36,0.72
259,4,0.93
259,45,0.81
259,58,0.62
259,64,0.76
259,30,0.79
259,69,0.63
260,53,0.82
260,54,0.75
260,36,0.71
260,4,0.92
260,45,0.8
260,58,0.6
260,64,0.76
260,30,0.77
260,69,0.53
261,53,0.81
261,54,0.74
261,36,0.67
261,4,0.9
261,45,0.79
261,58,0.61
261,64,0.76
261,30,0.8
261,69,0.59
262,53,0.81
262,54,0.77
262,36,0.58
262,4,0.91
262,45,0.8
262,58,0.62
262,64,0.75
262,30,0.82
262,69,0.75
263,53,0.8
263,54,0.69
263,4,0.91
263,45,0.81
263,58,0.63
263,64,0.73
263,30,0.83
263,69,0.76
263,71,0.55
264,53,0.79
264,54,0.68
264,4,0.92
264,45,0.8
264,58,0.63
264,64,0.74
264,30,0.82
264,69,0.74
265,53,0.79
265,54,0.71
265,4,0.92
265,45,0.79
265,58,0.65
265,64,0.75
265,30,0.84
265,69,0.7
266,53,0.79
266,54,0.68
266,4,0.92
266,45,0.79
266,58,0.69
266,64,0.78
266,30,0.84
266,69,0.67
267,53,0.78
267,54,0.68
267,4,0.92
267,45,0.8
267,58,0.68
267,64,0.79
267,30,0.88
267,69,0.65
267,71,0.56
268,53,0.79
268,54,0.72
268,4,0.94
268,45,0.81
268,58,0.67
268,64,0.8
268,30,0.89
268,69,0.74
268,71,0.61
269,53,0.8
269,54,0.78
269,4,0.94
269,45,0.82
269,58,0.71
269,64,0.82
269,30,0.89
269,69,0.82
269,73,0.53
270,53,0.8
270,54,0.81
270,4,0.93
270,45,0.81
270,58,0.71
270,64,0.82
270,30,0.89
270,69,0.83
270,73,0.58
271,53,0.81
271,54,0.84
271,4,0.93
271,45,0.8
271,58,0.7
271,64,0.85
271,30,0.9
271,69,0.84
271,73,0.58
271,71,0.6
272,53,0.81
272,54,0.86
272,4,0.93
272,45,0.81
272,58,0.71
272,64,0.86
272,30,0.89
272,69,0.86
272,73,0.59
273,53,0.81
273,54,0.85
273,4,0.92
273,45,0.82
273,58,0.68
273,64,0.86
273,30,0.89
273,69,0.87
273,71,0.66
274,53,0.83
274,54,0.84
274,4,0.92
274,45,0.79
274,58,0.7
274,64,0.87
274,30,0.91
274,69,0.88
274,71,0.6
275,53,0.83
275,54,0.84
275,4,0.92
275,45,0.82
275,58,0.69
275,64,0.86
275,30,0.88
275,69,0.89
275,71,0.64
276,53,0.84
276,54,0.83
276,4,0.92
276,45,0.85
276,58,0.69
276,64,0.86
276,30,0.86
276,69,0.86
276,71,0.54
277,53,0.84
277,54,0.85
277,4,0.93
277,45,0.86
277,58,0.7
277,64,0.83
277,30,0.9
277,69,0.85
278,53,0.84
278,54,0.87
278,4,0.93
278,45,0.85
278,58,0.71
278,64,0.84
278,30,0.88
278,69,0.85
278,71,0.51
279,53,0.86
279,54,0.87
279,4,0.93
279,45,0.84
279,58,0.67
279,64,0.86
279,30,0.87
279,69,0.87
279,71,0.55
280,53,0.86
280,54,0.86
280,4,0.92
280,45,0.85
280,58,0.63
280,64,0.86
280,30,0.85
280,69,0.88
281,53,0.86
281,54,0.86
281,4,0.91
281,45,0.86
281,58,0.64
281,64,0.87
281,30,0.85
281,69,0.9
282,53,0.86
282,54,0.87
282,4,0.92
282,45,0.87
282,58,0.63
282,64,0.87
282,30,0.83
282,69,0.9
283,53,0.87
283,54,0.84
283,4,0.93
283,45,0.85
283,58,0.64
283,64,0.87
283,30,0.78
283,69,0.88
284,53,0.87
284,54,0.85
284,4,0.92
284,45,0.85
284,58,0.56
284,64,0.87
284,30,0.7
284,69,0.88
285,53,0.87
285,54,0.84
285,4,0.92
285,45,0.85
285,64,0.86
285,30,0.74
285,69,0.88
286,53,0.86
286,54,0.82
286,4,0.91
286,45,0.86
286,64,0.85
286,30,0.67
286,69,0.91
287,53,0.85
287,54,0.76
287,4,0.93
287,45,0.84
287,64,0.83
287,30,0.69
287,69,0.9
288,53,0.83
288,54,0.77
288,4,0.94
288,45,0.84
288,64,0.83
288,30,0.62
288,69,0.88
289,53,0.82
289,54,0.76
289,4,0.95
289,45,0.83
289,64,0.82
289,30,0.63
289,69,0.86
290,53,0.83
290,54,0.66
290,4,0.94
290,45,0.85
290,64,0.81
290,30,0.64
290,69,0.88
290,75,0.55
291,53,0.84
291,54,0.67
291,4,0.95
291,45,0.85
291,64,0.81
291,69,0.89
291,75,0.53
292,53,0.86
292,54,0.66
292,4,0.94
292,45,0.87
292,64,0.81
292,69,0.91
292,75,0.55
292,71,0.53
293,53,0.85
293,54,0.66
293,4,0.94
293,45,0.87
293,64,0.82
293,69,0.91
293,75,0.62
293,71,0.55
293,30,0.5
294,53,0.85
294,54,0.72
294,4,0.94
294,45,0.86
294,64,0.81
294,69,0.9
294,75,0.68
294,30,0.5
295,53,0.84
295,54,0.7
295,4,0.94
295,45,0.85
295,64,0.82
295,69,0.9
295,75,0.74
295,30,0.52
295,71,0.57
296,53,0.84
296,54,0.68
296,4,0.94
296,45,0.84
296,64,0.82
296,69,0.9
296,75,0.77
296,71,0.64
297,53,0.83
297,54,0.71
297,4,0.95
297,45,0.84
297,64,0.82
297,69,0.88
297,75,0.79
297,71,0.63
298,53,0.83
298,54,0.71
298,4,0.95
298,45,0.86
298,64,0.82
298,69,0.89
298,75,0.79
298,71,0.58
299,53,0.84
299,54,0.74
299,4,0.95
299,45,0.87
299,64,0.83
299,69,0.89
299,75,0.79
300,53,0.84
300,54,0.69
300,4,0.95
300,45,0.87
300,64,0.83
300,69,0.9
300,75,0.77
301,53,0.85
301,54,0.71
301,4,0.95
301,45,0.86
301,64,0.82
301,69,0.9
301,75,0.72
301,77,0.63
302,53,0.84
302,54,0.69
302,4,0.95
302,45,0.86
302,64,0.81
302,69,0.91
302,75,0.74
302,77,0.65
303,53,0.85
303,54,0.79
303,4,0.96
303,45,0.85
303,64,0.83
303,69,0.91
303,75,0.76
304,53,0.86
304,54,0.77
304,4,0.96
304,45,0.86
304,64,0.82
304,69,0.91
304,75,0.71
304,71,0.51
305,53,0.87
305,54,0.74
305,4,0.96
305,45,0.86
305,64,0.81
305,69,0.91
305,75,0.64
305,71,0.65
306,53,0.88
306,54,0.75
306,4,0.96
306,45,0.87
306,64,0.81
306,69,0.9
306,75,0.58
306,71,0.75
307,53,0.88
307,54,0.76
307,4,0.95
307,45,0.88
307,64,0.8
307,69,0.9
307,75,0.52
307,71,0.76
308,53,0.87
308,54,0.76
308,4,0.94
308,45,0.88
308,64,0.79
308,69,0.89
308,75,0.54
308,71,0.78
308,80,0.64
309,53,0.87
309,54,0.73
309,4,0.94
309,45,0.89
309,64,0.8
309,69,0.89
309,75,0.63
309,71,0.89
309,80,0.6
310,53,0.87
310,54,0.73
310,4,0.94
310,45,0.88
310,64,0.8
310,69,0.89
310,75,0.68
310,71,0.89
310,80,0.6
311,53,0.85
311,54,0.64
311,4,0.94
311,45,0.88
311,64,0.77
311,69,0.88
311,75,0.71
311,71,0.86
311,80,0.57
312,53,0.86
312,54,0.55
312,4,0.93
312,45,0.87
312,64,0.75
312,69,0.9
312,75,0.75
312,71,0.85
312,80,0.57
313,53,0.82
313,54,0.57
313,4,0.93
313,45,0.85
313,64,0.77
313,69,0.88
313,75,0.75
313,71,0.87
314,53,0.82
314,54,0.73
314,4,0.9
314,45,0.85
314,64,0.79
314,69,0.9
314,75,0.77
314,71,0.75
315,53,0.83
315,54,0.61
315,4,0.89
315,45,0.86
315,64,0.78
315,69,0.89
315,75,0.79
315,71,0.6
316,53,0.86
316,54,0.7
316,4,0.87
316,45,0.86
316,64,0.77
316,69,0.87
316,75,0.77
316,71,0.67
317,53,0.87
317,54,0.69
317,4,0.84
317,45,0.85
317,64,0.78
317,69,0.89
317,75,0.79
317,71,0.85
318,53,0.88
318,54,0.76
318,4,0.86
318,45,0.84
318,64,0.8
318,69,0.88
318,75,0.74
318,71,0.88
319,53,0.88
319,54,0.79
319,4,0.82
319,45,0.84
319,64,0.8
319,69,0.89
319,75,0.69
319,71,0.88
320,53,0.87
320,54,0.75
320,4,0.8
320,45,0.84
320,64,0.8
320,69,0.89
320,75,0.63
320,71,0.89
321,53,0.88
321,54,0.82
321,4,0.83
321,45,0.84
321,64,0.78
321,69,0.89
321,75,0.69
321,71,0.89
322,53,0.88
322,54,0.81
322,4,0.83
322,45,0.83
322,64,0.77
322,69,0.89
322,75,0.73
322,71,0.89
323,53,0.87
323,54,0.76
323,4,0.82
323,45,0.84
323,64,0.76
323,69,0.89
323,75,0.74
323,71,0.89
323,84,0.58
324,53,0.83
324,54,0.8
324,4,0.8
324,45,0.85
324,64,0.73
324,69,0.87
324,75,0.73
324,71,0.88
324,84,0.64
325,53,0.82
325,54,0.83
325,4,0.81
325,45,0.85
325,64,0.75
325,69,0.87
325,75,0.75
325,71,0.92
325,84,0.6
326,53,0.83
326,54,0.85
326,4,0.79
326,45,0.85
326,64,0.73
326,69,0.88
326,75,0.73
326,71,0.92
326,84,0.69
327,53,0.86
327,54,0.84
327,4,0.79
327,45,0.84
327,64,0.73
327,69,0.9
327,75,0.74
327,71,0.93
327,84,0.63
328,53,0.87
328,54,0.86
328,4,0.81
328,45,0.85
328,64,0.71
328,69,0.9
328,75,0.7
328,71,0.92
328,84,0.55
328,85,0.57
329,53,0.86
329,54,0.87
329,4,0.82
329,45,0.87
329,64,0.71
329,69,0.9
329,75,0.7
329,71,0.91
329,84,0.52
329,85,0.52
330,53,0.88
330,54,0.87
330,4,0.73
330,45,0.87
330,64,0.7
330,69,0.9
330,75,0.66
330,71,0.92
331,53,0.89
331,54,0.85
331,4,0.68
331,45,0.85
331,64,0.71
331,69,0.91
331,75,0.78
331,71,0.91
331,86,0.55
332,53,0.88
332,54,0.86
332,45,0.86
332,64,0.71
332,69,0.92
332,75,0.76
332,71,0.92
332,86,0.62
333,53,0.85
333,54,0.85
333,45,0.85
333,64,0.71
333,69,0.92
333,75,0.8
333,71,0.93
333,86,0.66
334,53,0.84
334,54,0.84
334,45,0.84
334,64,0.67
334,69,0.91
334,75,0.76
334,71,0.93
334,86,0.61
335,53,0.86
335,54,0.85
335,45,0.83
335,64,0.69
335,69,0.91
335,75,0.62
335,71,0.94
335,86,0.63
336,53,0.88
336,54,0.86
336,45,0.85
336,64,0.65
336,69,0.91
336,71,0.93
336,86,0.61
337,53,0.86
337,54,0.83
337,45,0.84
337,64,0.66
337,69,0.91
337,71,0.93
337,86,0.55
337,87,0.55
338,53,0.86
338,54,0.83
338,45,0.8
338,64,0.62
338,69,0.9
338,71,0.94
338,86,0.53
338,87,0.55
339,53,0.86
339,54,0.84
339,45,0.76
339,64,0.56
339,69,0.9
339,71,0.93
339,86,0.54
340,53,0.82
340,54,0.84
340,45,0.8
340,69,0.9
340,71,0.93
340,86,0.51
340,87,0.53
341,53,0.8
341,54,0.81
341,45,0.82
341,69,0.89
341,71,0.93
341,86,0.54
341,87,0.53
342,53,0.82
342,54,0.84
342,45,0.82
342,69,0.89
342,71,0.91
342,87,0.53
343,53,0.81
343,54,0.83
343,45,0.83
343,69,0.91
343,71,0.92
343,86,0.57
344,53,0.78
344,54,0.84
344,45,0.82
344,69,0.9
344,71,0.92
344,86,0.58
344,84,0.5
345,53,0.8
345,54,0.84
345,45,0.84
345,69,0.89
345,71,0.94
345,86,0.59
345,84,0.51
346,53,0.79
346,54,0.84
346,45,0.83
346,69,0.88
346,71,0.93
346,86,0.6
346,87,0.58
347,53,0.79
347,54,0.84
347,45,0.84
347,69,0.88
347,71,0.93
347,86,0.57
347,87,0.57
348,53,0.82
348,54,0.86
348,45,0.86
348,69,0.89
348,71,0.92
348,87,0.59
349,53,0.8
349,54,0.86
349,45,0.86
349,69,0.9
349,71,0.9
349,87,0.59
349,90,0.6
350,53,0.78
350,54,0.86
350,45,0.82
350,69,0.9
350,71,0.91
350,87,0.65
350,90,0.64
351,53,0.76
351,54,0.8
351,45,0.81
351,69,0.87
351,71,0.91
351,87,0.66
351,90,0.65
351,91,0.65
352,53,0.74
352,54,0.77
352,45,0.83
352,69,0.88
352,71,0.91
352,87,0.57
352,90,0.69
352,91,0.63
353,53,0.58
353,54,0.82
353,45,0.84
353,69,0.89
353,71,0.9
353,87,0.6
353,90,0.67
353,91,0.6
353,92,0.61
354,53,0.71
354,54,0.77
354,45,0.79
354,69,0.88
354,71,0.9
354,87,0.69
354,90,0.66
354,91,0.63
354,92,0.62
355,53,0.72
355,54,0.81
355,45,0.77
355,69,0.89
355,71,0.9
355,90,0.65
355,91,0.59
355,92,0.65
356,53,0.71
356,54,0.81
356,45,0.72
356,69,0.9
356,71,0.89
356,90,0.65
356,91,0.53
356,92,0.68
357,53,0.68
357,54,0.8
357,45,0.73
357,69,0.91
357,71,0.88
357,90,0.68
357,91,0.59
357,92,0.72
357,86,0.54
358,53,0.67
358,54,0.72
358,45,0.7
358,69,0.92
358,71,0.85
358,90,0.7
358,91,0.64
358,92,0.73
358,86,0.62
359,53,0.65
359,54,0.6
359,45,0.74
359,69,0.94
359,71,0.85
359,90,0.64
359,91,0.56
359,92,0.73
359,86,0.6
359,94,0.5
360,54,0.6
360,45,0.75
360,69,0.92
360,71,0.84
360,90,0.58
360,91,0.51
360,92,0.75
360,86,0.54
360,94,0.6
361,54,0.78
361,45,0.72
361,69,0.92
361,71,0.83
361,90,0.7
361,91,0.62
361,92,0.79
361,86,0.6
361,94,0.62
362,54,0.83
362,45,0.77
362,69,0.91
362,71,0.82
362,90,0.72
362,91,0.63
362,92,0.76
362,86,0.62
362,94,0.53
363,54,0.9
363,45,0.8
363,69,0.91
363,71,0.81
363,90,0.66
363,92,0.76
363,86,0.63
363,94,0.67
364,54,0.91
364,45,0.81
364,69,0.92
364,71,0.77
364,90,0.68
364,92,0.74
364,86,0.63
364,94,0.72
365,54,0.85
365,45,0.82
365,69,0.92
365,71,0.73
365,90,0.59
365,92,0.71
365,86,0.67
365,94,0.77
366,54,0.59
366,45,0.84
366,69,0.92
366,71,0.68
366,90,0.52
366,92,0.68
366,86,0.61
366,94,0.78
367,54,0.77
367,45,0.83
367,69,0.91
367,71,0.55
367,90,0.63
367,92,0.69
367,86,0.62
367,94,0.78
368,54,0.69
368,45,0.82
368,69,0.9
368,71,0.78
368,90,0.6
368,92,0.75
368,86,0.64
368,94,0.75
369,54,0.67
369,45,0.83
369,69,0.88
369,71,0.76
369,90,0.59
369,92,0.79
369,86,0.62
369,94,0.77
370,54,0.75
370,45,0.81
370,69,0.86
370,71,0.7
370,90,0.52
370,92,0.77
370,86,0.66
370,94,0.82
371,54,0.86
371,45,0.82
371,69,0.88
371,71,0.67
371,90,0.55
371,92,0.76
371,86,0.67
371,94,0.8
371,99,0.67
372,54,0.87
372,45,0.8
372,69,0.9
372,71,0.64
372,90,0.59
372,92,0.76
372,86,0.73
372,94,0.83
372,99,0.62
372,101,0.58
373,54,0.86
373,45,0.79
373,69,0.9
373,71,0.51
373,90,0.66
373,92,0.74
373,86,0.74
373,94,0.81
373,99,0.61
373,101,0.56
374,54,0.85
374,45,0.81
374,69,0.92
374,92,0.73
374,86,0.72
374,94,0.8
374,99,0.59
374,101,0.53
375,54,0.87
375,45,0.82
375,69,0.9
375,92,0.73
375,86,0.75
375,94,0.73
375,99,0.57
375,101,0.57
375,104,0.6
375,90,0.63
376,54,0.83
376,45,0.8
376,69,0.9
376,92,0.71
376,86,0.77
376,94,0.68
376,99,0.57
376,101,0.55
376,104,0.58
376,105,0.51
376,90,0.63
377,54,0.86
377,45,0.8
377,69,0.91
377,92,0.73
377,86,0.78
377,94,0.67
377,99,0.61
377,101,0.54
377,105,0.63
377,90,0.52
377,106,0.52
378,54,0.88
378,45,0.83
378,69,0.92
378,92,0.74
378,86,0.79
378,94,0.7
378,99,0.67
378,105,0.6
378,106,0.54
379,54,0.82
379,45,0.84
379,69,0.94
379,92,0.73
379,86,0.79
379,94,0.7
379,99,0.7
379,105,0.6
379,106,0.54
379,108,0.68
380,54,0.81
380,45,0.83
380,69,0.94
380,92,0.75
380,86,0.82
380,94,0.72
380,99,0.66
380,106,0.56
380,108,0.68
381,54,0.8
381,45,0.8
381,69,0.94
381,92,0.76
381,86,0.83
381,94,0.66
381,99,0.57
381,106,0.57
381,108,0.67
382,54,0.79
382,45,0.8
382,69,0.93
382,92,0.75
382,86,0.82
382,94,0.63
382,99,0.59
382,106,0.54
382,108,0.69
382,110,0.6
382,105,0.8
383,54,0.74
383,45,0.8
383,69,0.92
383,92,0.75
383,86,0.82
383,94,0.66
383,99,0.5
383,106,0.53
383,108,0.73
383,110,0.61
383,105,0.83
384,54,0.83
384,45,0.8
384,69,0.92
384,92,0.75
384,86,0.82
384,94,0.64
384,106,0.54
384,108,0.76
384,110,0.57
384,105,0.86
384,91,0.58
385,54,0.8
385,45,0.79
385,69,0.93
385,92,0.74
385,86,0.8
385,94,0.65
385,106,0.54
385,108,0.76
385,110,0.61
385,105,0.84
385,91,0.64
386,54,0.73
386,45,0.81
386,69,0.92
386,92,0.75
386,86,0.81
386,94,0.61
386,106,0.53
386,108,0.71
386,110,0.64
386,105,0.81
386,91,0.67
387,54,0.8
387,45,0.81
387,69,0.92
387,92,0.74
387,86,0.81
387,94,0.56
387,106,0.52
387,108,0.76
387,110,0.63
387,105,0.75
387,91,0.65
388,54,0.84
388,45,0.83
388,69,0.91
388,92,0.77
388,86,0.82
388,94,0.62
388,106,0.53
388,108,0.69
388,110,0.64
388,105,0.68
388,91,0.59
389,54,0.84
389,45,0.81
389,69,0.92
389,92,0.78
389,86,0.82
389,94,0.65
389,106,0.51
389,108,0.71
389,110,0.68
389,105,0.71
389,91,0.6
390,54,0.84
390,45,0.82
390,69,0.91
390,92,0.79
390,86,0.83
390,94,0.64
390,108,0.75
390,110,0.71
390,105,0.74
391,54,0.76
391,45,0.81
391,69,0.9
391,92,0.74
391,86,0.81
391,94,0.65
391,108,0.79
391,110,0.67
391,105,0.79
392,54,0.74
392,45,0.84
392,69,0.82
392,92,0.72
392,86,0.82
392,94,0.7
392,108,0.67
392,110,0.68
392,105,0.83
